<library path="lib/librealsense_camera_nodelet">
  <class name="realsense_camera/R200Nodelet" type="realsense_camera::R200Nodelet" base_class_type="nodelet::Nodelet">
  <description>
  Intel(R) RealSense(TM) R200 Camera nodelet.
  </description>
  </class>

  <class name="realsense_camera/F200Nodelet" type="realsense_camera::F200Nodelet" base_class_type="nodelet::Nodelet">
  <description>
  Intel(R) RealSense(TM) F200 Camera nodelet.
  </description>
  </class>

  <class name="realsense_camera/SR300Nodelet" type="realsense_camera::SR300Nodelet" base_class_type="nodelet::Nodelet">
  <description>
  Intel(R) RealSense(TM) SR300 Camera nodelet.
  </description>
  </class>

  <class name="realsense_camera/ZR300Nodelet" type="realsense_camera::ZR300Nodelet" base_class_type="nodelet::Nodelet">
  <description>
  Intel(R) RealSense(TM) ZR300 Camera nodelet.
  </description>
  </class>
</library>
